Date_Key,Full_Date,Year,Quarter,Month_Name,Is_Weekend
1,2020-01-01,2020,Q1,January,False
2,2020-01-02,2020,Q1,January,False
3,2020-01-03,2020,Q1,January,False
4,2020-01-04,2020,Q1,January,True
5,2020-01-05,2020,Q1,January,True
6,2020-01-06,2020,Q1,January,False
7,2020-01-07,2020,Q1,January,False
8,2020-01-08,2020,Q1,January,False
9,2020-01-09,2020,Q1,January,False
10,2020-01-10,2020,Q1,January,False
11,2020-01-11,2020,Q1,January,True
12,2020-01-12,2020,Q1,January,True
13,2020-01-13,2020,Q1,January,False
14,2020-01-14,2020,Q1,January,False
15,2020-01-15,2020,Q1,January,False
16,2020-01-16,2020,Q1,January,False
17,2020-01-17,2020,Q1,January,False
18,2020-01-18,2020,Q1,January,True
19,2020-01-19,2020,Q1,January,True
20,2020-01-20,2020,Q1,January,False
21,2020-01-21,2020,Q1,January,False
22,2020-01-22,2020,Q1,January,False
23,2020-01-23,2020,Q1,January,False
24,2020-01-24,2020,Q1,January,False
25,2020-01-25,2020,Q1,January,True
26,2020-01-26,2020,Q1,January,True
27,2020-01-27,2020,Q1,January,False
28,2020-01-28,2020,Q1,January,False
29,2020-01-29,2020,Q1,January,False
30,2020-01-30,2020,Q1,January,False
31,2020-01-31,2020,Q1,January,False
32,2020-02-01,2020,Q1,February,True
33,2020-02-02,2020,Q1,February,True
34,2020-02-03,2020,Q1,February,False
35,2020-02-04,2020,Q1,February,False
36,2020-02-05,2020,Q1,February,False
37,2020-02-06,2020,Q1,February,False
38,2020-02-07,2020,Q1,February,False
39,2020-02-08,2020,Q1,February,True
40,2020-02-09,2020,Q1,February,True
41,2020-02-10,2020,Q1,February,False
42,2020-02-11,2020,Q1,February,False
43,2020-02-12,2020,Q1,February,False
44,2020-02-13,2020,Q1,February,False
45,2020-02-14,2020,Q1,February,False
46,2020-02-15,2020,Q1,February,True
47,2020-02-16,2020,Q1,February,True
48,2020-02-17,2020,Q1,February,False
49,2020-02-18,2020,Q1,February,False
50,2020-02-19,2020,Q1,February,False
51,2020-02-20,2020,Q1,February,False
52,2020-02-21,2020,Q1,February,False
53,2020-02-22,2020,Q1,February,True
54,2020-02-23,2020,Q1,February,True
55,2020-02-24,2020,Q1,February,False
56,2020-02-25,2020,Q1,February,False
57,2020-02-26,2020,Q1,February,False
58,2020-02-27,2020,Q1,February,False
59,2020-02-28,2020,Q1,February,False
60,2020-02-29,2020,Q1,February,True
61,2020-03-01,2020,Q1,March,True
62,2020-03-02,2020,Q1,March,False
63,2020-03-03,2020,Q1,March,False
64,2020-03-04,2020,Q1,March,False
65,2020-03-05,2020,Q1,March,False
66,2020-03-06,2020,Q1,March,False
67,2020-03-07,2020,Q1,March,True
68,2020-03-08,2020,Q1,March,True
69,2020-03-09,2020,Q1,March,False
70,2020-03-10,2020,Q1,March,False
71,2020-03-11,2020,Q1,March,False
72,2020-03-12,2020,Q1,March,False
73,2020-03-13,2020,Q1,March,False
74,2020-03-14,2020,Q1,March,True
75,2020-03-15,2020,Q1,March,True
76,2020-03-16,2020,Q1,March,False
77,2020-03-17,2020,Q1,March,False
78,2020-03-18,2020,Q1,March,False
79,2020-03-19,2020,Q1,March,False
80,2020-03-20,2020,Q1,March,False
81,2020-03-21,2020,Q1,March,True
82,2020-03-22,2020,Q1,March,True
83,2020-03-23,2020,Q1,March,False
84,2020-03-24,2020,Q1,March,False
85,2020-03-25,2020,Q1,March,False
86,2020-03-26,2020,Q1,March,False
87,2020-03-27,2020,Q1,March,False
88,2020-03-28,2020,Q1,March,True
89,2020-03-29,2020,Q1,March,True
90,2020-03-30,2020,Q1,March,False
91,2020-03-31,2020,Q1,March,False
92,2020-04-01,2020,Q2,April,False
93,2020-04-02,2020,Q2,April,False
94,2020-04-03,2020,Q2,April,False
95,2020-04-04,2020,Q2,April,True
96,2020-04-05,2020,Q2,April,True
97,2020-04-06,2020,Q2,April,False
98,2020-04-07,2020,Q2,April,False
99,2020-04-08,2020,Q2,April,False
100,2020-04-09,2020,Q2,April,False
101,2020-04-10,2020,Q2,April,False
102,2020-04-11,2020,Q2,April,True
103,2020-04-12,2020,Q2,April,True
104,2020-04-13,2020,Q2,April,False
105,2020-04-14,2020,Q2,April,False
106,2020-04-15,2020,Q2,April,False
107,2020-04-16,2020,Q2,April,False
108,2020-04-17,2020,Q2,April,False
109,2020-04-18,2020,Q2,April,True
110,2020-04-19,2020,Q2,April,True
111,2020-04-20,2020,Q2,April,False
112,2020-04-21,2020,Q2,April,False
113,2020-04-22,2020,Q2,April,False
114,2020-04-23,2020,Q2,April,False
115,2020-04-24,2020,Q2,April,False
116,2020-04-25,2020,Q2,April,True
117,2020-04-26,2020,Q2,April,True
118,2020-04-27,2020,Q2,April,False
119,2020-04-28,2020,Q2,April,False
120,2020-04-29,2020,Q2,April,False
121,2020-04-30,2020,Q2,April,False
122,2020-05-01,2020,Q2,May,False
123,2020-05-02,2020,Q2,May,True
124,2020-05-03,2020,Q2,May,True
125,2020-05-04,2020,Q2,May,False
126,2020-05-05,2020,Q2,May,False
127,2020-05-06,2020,Q2,May,False
128,2020-05-07,2020,Q2,May,False
129,2020-05-08,2020,Q2,May,False
130,2020-05-09,2020,Q2,May,True
131,2020-05-10,2020,Q2,May,True
132,2020-05-11,2020,Q2,May,False
133,2020-05-12,2020,Q2,May,False
134,2020-05-13,2020,Q2,May,False
135,2020-05-14,2020,Q2,May,False
136,2020-05-15,2020,Q2,May,False
137,2020-05-16,2020,Q2,May,True
138,2020-05-17,2020,Q2,May,True
139,2020-05-18,2020,Q2,May,False
140,2020-05-19,2020,Q2,May,False
141,2020-05-20,2020,Q2,May,False
142,2020-05-21,2020,Q2,May,False
143,2020-05-22,2020,Q2,May,False
144,2020-05-23,2020,Q2,May,True
145,2020-05-24,2020,Q2,May,True
146,2020-05-25,2020,Q2,May,False
147,2020-05-26,2020,Q2,May,False
148,2020-05-27,2020,Q2,May,False
149,2020-05-28,2020,Q2,May,False
150,2020-05-29,2020,Q2,May,False
151,2020-05-30,2020,Q2,May,True
152,2020-05-31,2020,Q2,May,True
153,2020-06-01,2020,Q2,June,False
154,2020-06-02,2020,Q2,June,False
155,2020-06-03,2020,Q2,June,False
156,2020-06-04,2020,Q2,June,False
157,2020-06-05,2020,Q2,June,False
158,2020-06-06,2020,Q2,June,True
159,2020-06-07,2020,Q2,June,True
160,2020-06-08,2020,Q2,June,False
161,2020-06-09,2020,Q2,June,False
162,2020-06-10,2020,Q2,June,False
163,2020-06-11,2020,Q2,June,False
164,2020-06-12,2020,Q2,June,False
165,2020-06-13,2020,Q2,June,True
166,2020-06-14,2020,Q2,June,True
167,2020-06-15,2020,Q2,June,False
168,2020-06-16,2020,Q2,June,False
169,2020-06-17,2020,Q2,June,False
170,2020-06-18,2020,Q2,June,False
171,2020-06-19,2020,Q2,June,False
172,2020-06-20,2020,Q2,June,True
173,2020-06-21,2020,Q2,June,True
174,2020-06-22,2020,Q2,June,False
175,2020-06-23,2020,Q2,June,False
176,2020-06-24,2020,Q2,June,False
177,2020-06-25,2020,Q2,June,False
178,2020-06-26,2020,Q2,June,False
179,2020-06-27,2020,Q2,June,True
180,2020-06-28,2020,Q2,June,True
181,2020-06-29,2020,Q2,June,False
182,2020-06-30,2020,Q2,June,False
183,2020-07-01,2020,Q3,July,False
184,2020-07-02,2020,Q3,July,False
185,2020-07-03,2020,Q3,July,False
186,2020-07-04,2020,Q3,July,True
187,2020-07-05,2020,Q3,July,True
188,2020-07-06,2020,Q3,July,False
189,2020-07-07,2020,Q3,July,False
190,2020-07-08,2020,Q3,July,False
191,2020-07-09,2020,Q3,July,False
192,2020-07-10,2020,Q3,July,False
193,2020-07-11,2020,Q3,July,True
194,2020-07-12,2020,Q3,July,True
195,2020-07-13,2020,Q3,July,False
196,2020-07-14,2020,Q3,July,False
197,2020-07-15,2020,Q3,July,False
198,2020-07-16,2020,Q3,July,False
199,2020-07-17,2020,Q3,July,False
200,2020-07-18,2020,Q3,July,True
201,2020-07-19,2020,Q3,July,True
202,2020-07-20,2020,Q3,July,False
203,2020-07-21,2020,Q3,July,False
204,2020-07-22,2020,Q3,July,False
205,2020-07-23,2020,Q3,July,False
206,2020-07-24,2020,Q3,July,False
207,2020-07-25,2020,Q3,July,True
208,2020-07-26,2020,Q3,July,True
209,2020-07-27,2020,Q3,July,False
210,2020-07-28,2020,Q3,July,False
211,2020-07-29,2020,Q3,July,False
212,2020-07-30,2020,Q3,July,False
213,2020-07-31,2020,Q3,July,False
214,2020-08-01,2020,Q3,August,True
215,2020-08-02,2020,Q3,August,True
216,2020-08-03,2020,Q3,August,False
217,2020-08-04,2020,Q3,August,False
218,2020-08-05,2020,Q3,August,False
219,2020-08-06,2020,Q3,August,False
220,2020-08-07,2020,Q3,August,False
221,2020-08-08,2020,Q3,August,True
222,2020-08-09,2020,Q3,August,True
223,2020-08-10,2020,Q3,August,False
224,2020-08-11,2020,Q3,August,False
225,2020-08-12,2020,Q3,August,False
226,2020-08-13,2020,Q3,August,False
227,2020-08-14,2020,Q3,August,False
228,2020-08-15,2020,Q3,August,True
229,2020-08-16,2020,Q3,August,True
230,2020-08-17,2020,Q3,August,False
231,2020-08-18,2020,Q3,August,False
232,2020-08-19,2020,Q3,August,False
233,2020-08-20,2020,Q3,August,False
234,2020-08-21,2020,Q3,August,False
235,2020-08-22,2020,Q3,August,True
236,2020-08-23,2020,Q3,August,True
237,2020-08-24,2020,Q3,August,False
238,2020-08-25,2020,Q3,August,False
239,2020-08-26,2020,Q3,August,False
240,2020-08-27,2020,Q3,August,False
241,2020-08-28,2020,Q3,August,False
242,2020-08-29,2020,Q3,August,True
243,2020-08-30,2020,Q3,August,True
244,2020-08-31,2020,Q3,August,False
245,2020-09-01,2020,Q3,September,False
246,2020-09-02,2020,Q3,September,False
247,2020-09-03,2020,Q3,September,False
248,2020-09-04,2020,Q3,September,False
249,2020-09-05,2020,Q3,September,True
250,2020-09-06,2020,Q3,September,True
251,2020-09-07,2020,Q3,September,False
252,2020-09-08,2020,Q3,September,False
253,2020-09-09,2020,Q3,September,False
254,2020-09-10,2020,Q3,September,False
255,2020-09-11,2020,Q3,September,False
256,2020-09-12,2020,Q3,September,True
257,2020-09-13,2020,Q3,September,True
258,2020-09-14,2020,Q3,September,False
259,2020-09-15,2020,Q3,September,False
260,2020-09-16,2020,Q3,September,False
261,2020-09-17,2020,Q3,September,False
262,2020-09-18,2020,Q3,September,False
263,2020-09-19,2020,Q3,September,True
264,2020-09-20,2020,Q3,September,True
265,2020-09-21,2020,Q3,September,False
266,2020-09-22,2020,Q3,September,False
267,2020-09-23,2020,Q3,September,False
268,2020-09-24,2020,Q3,September,False
269,2020-09-25,2020,Q3,September,False
270,2020-09-26,2020,Q3,September,True
271,2020-09-27,2020,Q3,September,True
272,2020-09-28,2020,Q3,September,False
273,2020-09-29,2020,Q3,September,False
274,2020-09-30,2020,Q3,September,False
275,2020-10-01,2020,Q4,October,False
276,2020-10-02,2020,Q4,October,False
277,2020-10-03,2020,Q4,October,True
278,2020-10-04,2020,Q4,October,True
279,2020-10-05,2020,Q4,October,False
280,2020-10-06,2020,Q4,October,False
281,2020-10-07,2020,Q4,October,False
282,2020-10-08,2020,Q4,October,False
283,2020-10-09,2020,Q4,October,False
284,2020-10-10,2020,Q4,October,True
285,2020-10-11,2020,Q4,October,True
286,2020-10-12,2020,Q4,October,False
287,2020-10-13,2020,Q4,October,False
288,2020-10-14,2020,Q4,October,False
289,2020-10-15,2020,Q4,October,False
290,2020-10-16,2020,Q4,October,False
291,2020-10-17,2020,Q4,October,True
292,2020-10-18,2020,Q4,October,True
293,2020-10-19,2020,Q4,October,False
294,2020-10-20,2020,Q4,October,False
295,2020-10-21,2020,Q4,October,False
296,2020-10-22,2020,Q4,October,False
297,2020-10-23,2020,Q4,October,False
298,2020-10-24,2020,Q4,October,True
299,2020-10-25,2020,Q4,October,True
300,2020-10-26,2020,Q4,October,False
301,2020-10-27,2020,Q4,October,False
302,2020-10-28,2020,Q4,October,False
303,2020-10-29,2020,Q4,October,False
304,2020-10-30,2020,Q4,October,False
305,2020-10-31,2020,Q4,October,True
306,2020-11-01,2020,Q4,November,True
307,2020-11-02,2020,Q4,November,False
308,2020-11-03,2020,Q4,November,False
309,2020-11-04,2020,Q4,November,False
310,2020-11-05,2020,Q4,November,False
311,2020-11-06,2020,Q4,November,False
312,2020-11-07,2020,Q4,November,True
313,2020-11-08,2020,Q4,November,True
314,2020-11-09,2020,Q4,November,False
315,2020-11-10,2020,Q4,November,False
316,2020-11-11,2020,Q4,November,False
317,2020-11-12,2020,Q4,November,False
318,2020-11-13,2020,Q4,November,False
319,2020-11-14,2020,Q4,November,True
320,2020-11-15,2020,Q4,November,True
321,2020-11-16,2020,Q4,November,False
322,2020-11-17,2020,Q4,November,False
323,2020-11-18,2020,Q4,November,False
324,2020-11-19,2020,Q4,November,False
325,2020-11-20,2020,Q4,November,False
326,2020-11-21,2020,Q4,November,True
327,2020-11-22,2020,Q4,November,True
328,2020-11-23,2020,Q4,November,False
329,2020-11-24,2020,Q4,November,False
330,2020-11-25,2020,Q4,November,False
331,2020-11-26,2020,Q4,November,False
332,2020-11-27,2020,Q4,November,False
333,2020-11-28,2020,Q4,November,True
334,2020-11-29,2020,Q4,November,True
335,2020-11-30,2020,Q4,November,False
336,2020-12-01,2020,Q4,December,False
337,2020-12-02,2020,Q4,December,False
338,2020-12-03,2020,Q4,December,False
339,2020-12-04,2020,Q4,December,False
340,2020-12-05,2020,Q4,December,True
341,2020-12-06,2020,Q4,December,True
342,2020-12-07,2020,Q4,December,False
343,2020-12-08,2020,Q4,December,False
344,2020-12-09,2020,Q4,December,False
345,2020-12-10,2020,Q4,December,False
346,2020-12-11,2020,Q4,December,False
347,2020-12-12,2020,Q4,December,True
348,2020-12-13,2020,Q4,December,True
349,2020-12-14,2020,Q4,December,False
350,2020-12-15,2020,Q4,December,False
351,2020-12-16,2020,Q4,December,False
352,2020-12-17,2020,Q4,December,False
353,2020-12-18,2020,Q4,December,False
354,2020-12-19,2020,Q4,December,True
355,2020-12-20,2020,Q4,December,True
356,2020-12-21,2020,Q4,December,False
357,2020-12-22,2020,Q4,December,False
358,2020-12-23,2020,Q4,December,False
359,2020-12-24,2020,Q4,December,False
360,2020-12-25,2020,Q4,December,False
361,2020-12-26,2020,Q4,December,True
362,2020-12-27,2020,Q4,December,True
363,2020-12-28,2020,Q4,December,False
364,2020-12-29,2020,Q4,December,False
365,2020-12-30,2020,Q4,December,False
366,2020-12-31,2020,Q4,December,False
367,2021-01-01,2021,Q1,January,False
368,2021-01-02,2021,Q1,January,True
369,2021-01-03,2021,Q1,January,True
370,2021-01-04,2021,Q1,January,False
371,2021-01-05,2021,Q1,January,False
372,2021-01-06,2021,Q1,January,False
373,2021-01-07,2021,Q1,January,False
374,2021-01-08,2021,Q1,January,False
375,2021-01-09,2021,Q1,January,True
376,2021-01-10,2021,Q1,January,True
377,2021-01-11,2021,Q1,January,False
378,2021-01-12,2021,Q1,January,False
379,2021-01-13,2021,Q1,January,False
380,2021-01-14,2021,Q1,January,False
381,2021-01-15,2021,Q1,January,False
382,2021-01-16,2021,Q1,January,True
383,2021-01-17,2021,Q1,January,True
384,2021-01-18,2021,Q1,January,False
385,2021-01-19,2021,Q1,January,False
386,2021-01-20,2021,Q1,January,False
387,2021-01-21,2021,Q1,January,False
388,2021-01-22,2021,Q1,January,False
389,2021-01-23,2021,Q1,January,True
390,2021-01-24,2021,Q1,January,True
391,2021-01-25,2021,Q1,January,False
392,2021-01-26,2021,Q1,January,False
393,2021-01-27,2021,Q1,January,False
394,2021-01-28,2021,Q1,January,False
395,2021-01-29,2021,Q1,January,False
396,2021-01-30,2021,Q1,January,True
397,2021-01-31,2021,Q1,January,True
398,2021-02-01,2021,Q1,February,False
399,2021-02-02,2021,Q1,February,False
400,2021-02-03,2021,Q1,February,False
401,2021-02-04,2021,Q1,February,False
402,2021-02-05,2021,Q1,February,False
403,2021-02-06,2021,Q1,February,True
404,2021-02-07,2021,Q1,February,True
405,2021-02-08,2021,Q1,February,False
406,2021-02-09,2021,Q1,February,False
407,2021-02-10,2021,Q1,February,False
408,2021-02-11,2021,Q1,February,False
409,2021-02-12,2021,Q1,February,False
410,2021-02-13,2021,Q1,February,True
411,2021-02-14,2021,Q1,February,True
412,2021-02-15,2021,Q1,February,False
413,2021-02-16,2021,Q1,February,False
414,2021-02-17,2021,Q1,February,False
415,2021-02-18,2021,Q1,February,False
416,2021-02-19,2021,Q1,February,False
417,2021-02-20,2021,Q1,February,True
418,2021-02-21,2021,Q1,February,True
419,2021-02-22,2021,Q1,February,False
420,2021-02-23,2021,Q1,February,False
421,2021-02-24,2021,Q1,February,False
422,2021-02-25,2021,Q1,February,False
423,2021-02-26,2021,Q1,February,False
424,2021-02-27,2021,Q1,February,True
425,2021-02-28,2021,Q1,February,True
426,2021-03-01,2021,Q1,March,False
427,2021-03-02,2021,Q1,March,False
428,2021-03-03,2021,Q1,March,False
429,2021-03-04,2021,Q1,March,False
430,2021-03-05,2021,Q1,March,False
431,2021-03-06,2021,Q1,March,True
432,2021-03-07,2021,Q1,March,True
433,2021-03-08,2021,Q1,March,False
434,2021-03-09,2021,Q1,March,False
435,2021-03-10,2021,Q1,March,False
436,2021-03-11,2021,Q1,March,False
437,2021-03-12,2021,Q1,March,False
438,2021-03-13,2021,Q1,March,True
439,2021-03-14,2021,Q1,March,True
440,2021-03-15,2021,Q1,March,False
441,2021-03-16,2021,Q1,March,False
442,2021-03-17,2021,Q1,March,False
443,2021-03-18,2021,Q1,March,False
444,2021-03-19,2021,Q1,March,False
445,2021-03-20,2021,Q1,March,True
446,2021-03-21,2021,Q1,March,True
447,2021-03-22,2021,Q1,March,False
448,2021-03-23,2021,Q1,March,False
449,2021-03-24,2021,Q1,March,False
450,2021-03-25,2021,Q1,March,False
451,2021-03-26,2021,Q1,March,False
452,2021-03-27,2021,Q1,March,True
453,2021-03-28,2021,Q1,March,True
454,2021-03-29,2021,Q1,March,False
455,2021-03-30,2021,Q1,March,False
456,2021-03-31,2021,Q1,March,False
457,2021-04-01,2021,Q2,April,False
458,2021-04-02,2021,Q2,April,False
459,2021-04-03,2021,Q2,April,True
460,2021-04-04,2021,Q2,April,True
461,2021-04-05,2021,Q2,April,False
462,2021-04-06,2021,Q2,April,False
463,2021-04-07,2021,Q2,April,False
464,2021-04-08,2021,Q2,April,False
465,2021-04-09,2021,Q2,April,False
466,2021-04-10,2021,Q2,April,True
467,2021-04-11,2021,Q2,April,True
468,2021-04-12,2021,Q2,April,False
469,2021-04-13,2021,Q2,April,False
470,2021-04-14,2021,Q2,April,False
471,2021-04-15,2021,Q2,April,False
472,2021-04-16,2021,Q2,April,False
473,2021-04-17,2021,Q2,April,True
474,2021-04-18,2021,Q2,April,True
475,2021-04-19,2021,Q2,April,False
476,2021-04-20,2021,Q2,April,False
477,2021-04-21,2021,Q2,April,False
478,2021-04-22,2021,Q2,April,False
479,2021-04-23,2021,Q2,April,False
480,2021-04-24,2021,Q2,April,True
481,2021-04-25,2021,Q2,April,True
482,2021-04-26,2021,Q2,April,False
483,2021-04-27,2021,Q2,April,False
484,2021-04-28,2021,Q2,April,False
485,2021-04-29,2021,Q2,April,False
486,2021-04-30,2021,Q2,April,False
487,2021-05-01,2021,Q2,May,True
488,2021-05-02,2021,Q2,May,True
489,2021-05-03,2021,Q2,May,False
490,2021-05-04,2021,Q2,May,False
491,2021-05-05,2021,Q2,May,False
492,2021-05-06,2021,Q2,May,False
493,2021-05-07,2021,Q2,May,False
494,2021-05-08,2021,Q2,May,True
495,2021-05-09,2021,Q2,May,True
496,2021-05-10,2021,Q2,May,False
497,2021-05-11,2021,Q2,May,False
498,2021-05-12,2021,Q2,May,False
499,2021-05-13,2021,Q2,May,False
500,2021-05-14,2021,Q2,May,False
501,2021-05-15,2021,Q2,May,True
502,2021-05-16,2021,Q2,May,True
503,2021-05-17,2021,Q2,May,False
504,2021-05-18,2021,Q2,May,False
505,2021-05-19,2021,Q2,May,False
506,2021-05-20,2021,Q2,May,False
507,2021-05-21,2021,Q2,May,False
508,2021-05-22,2021,Q2,May,True
509,2021-05-23,2021,Q2,May,True
510,2021-05-24,2021,Q2,May,False
511,2021-05-25,2021,Q2,May,False
512,2021-05-26,2021,Q2,May,False
513,2021-05-27,2021,Q2,May,False
514,2021-05-28,2021,Q2,May,False
515,2021-05-29,2021,Q2,May,True
516,2021-05-30,2021,Q2,May,True
517,2021-05-31,2021,Q2,May,False
518,2021-06-01,2021,Q2,June,False
519,2021-06-02,2021,Q2,June,False
520,2021-06-03,2021,Q2,June,False
521,2021-06-04,2021,Q2,June,False
522,2021-06-05,2021,Q2,June,True
523,2021-06-06,2021,Q2,June,True
524,2021-06-07,2021,Q2,June,False
525,2021-06-08,2021,Q2,June,False
526,2021-06-09,2021,Q2,June,False
527,2021-06-10,2021,Q2,June,False
528,2021-06-11,2021,Q2,June,False
529,2021-06-12,2021,Q2,June,True
530,2021-06-13,2021,Q2,June,True
531,2021-06-14,2021,Q2,June,False
532,2021-06-15,2021,Q2,June,False
533,2021-06-16,2021,Q2,June,False
534,2021-06-17,2021,Q2,June,False
535,2021-06-18,2021,Q2,June,False
536,2021-06-19,2021,Q2,June,True
537,2021-06-20,2021,Q2,June,True
538,2021-06-21,2021,Q2,June,False
539,2021-06-22,2021,Q2,June,False
540,2021-06-23,2021,Q2,June,False
541,2021-06-24,2021,Q2,June,False
542,2021-06-25,2021,Q2,June,False
543,2021-06-26,2021,Q2,June,True
544,2021-06-27,2021,Q2,June,True
545,2021-06-28,2021,Q2,June,False
546,2021-06-29,2021,Q2,June,False
547,2021-06-30,2021,Q2,June,False
548,2021-07-01,2021,Q3,July,False
549,2021-07-02,2021,Q3,July,False
550,2021-07-03,2021,Q3,July,True
551,2021-07-04,2021,Q3,July,True
552,2021-07-05,2021,Q3,July,False
553,2021-07-06,2021,Q3,July,False
554,2021-07-07,2021,Q3,July,False
555,2021-07-08,2021,Q3,July,False
556,2021-07-09,2021,Q3,July,False
557,2021-07-10,2021,Q3,July,True
558,2021-07-11,2021,Q3,July,True
559,2021-07-12,2021,Q3,July,False
560,2021-07-13,2021,Q3,July,False
561,2021-07-14,2021,Q3,July,False
562,2021-07-15,2021,Q3,July,False
563,2021-07-16,2021,Q3,July,False
564,2021-07-17,2021,Q3,July,True
565,2021-07-18,2021,Q3,July,True
566,2021-07-19,2021,Q3,July,False
567,2021-07-20,2021,Q3,July,False
568,2021-07-21,2021,Q3,July,False
569,2021-07-22,2021,Q3,July,False
570,2021-07-23,2021,Q3,July,False
571,2021-07-24,2021,Q3,July,True
572,2021-07-25,2021,Q3,July,True
573,2021-07-26,2021,Q3,July,False
574,2021-07-27,2021,Q3,July,False
575,2021-07-28,2021,Q3,July,False
576,2021-07-29,2021,Q3,July,False
577,2021-07-30,2021,Q3,July,False
578,2021-07-31,2021,Q3,July,True
579,2021-08-01,2021,Q3,August,True
580,2021-08-02,2021,Q3,August,False
581,2021-08-03,2021,Q3,August,False
582,2021-08-04,2021,Q3,August,False
583,2021-08-05,2021,Q3,August,False
584,2021-08-06,2021,Q3,August,False
585,2021-08-07,2021,Q3,August,True
586,2021-08-08,2021,Q3,August,True
587,2021-08-09,2021,Q3,August,False
588,2021-08-10,2021,Q3,August,False
589,2021-08-11,2021,Q3,August,False
590,2021-08-12,2021,Q3,August,False
591,2021-08-13,2021,Q3,August,False
592,2021-08-14,2021,Q3,August,True
593,2021-08-15,2021,Q3,August,True
594,2021-08-16,2021,Q3,August,False
595,2021-08-17,2021,Q3,August,False
596,2021-08-18,2021,Q3,August,False
597,2021-08-19,2021,Q3,August,False
598,2021-08-20,2021,Q3,August,False
599,2021-08-21,2021,Q3,August,True
600,2021-08-22,2021,Q3,August,True
601,2021-08-23,2021,Q3,August,False
602,2021-08-24,2021,Q3,August,False
603,2021-08-25,2021,Q3,August,False
604,2021-08-26,2021,Q3,August,False
605,2021-08-27,2021,Q3,August,False
606,2021-08-28,2021,Q3,August,True
607,2021-08-29,2021,Q3,August,True
608,2021-08-30,2021,Q3,August,False
609,2021-08-31,2021,Q3,August,False
610,2021-09-01,2021,Q3,September,False
611,2021-09-02,2021,Q3,September,False
612,2021-09-03,2021,Q3,September,False
613,2021-09-04,2021,Q3,September,True
614,2021-09-05,2021,Q3,September,True
615,2021-09-06,2021,Q3,September,False
616,2021-09-07,2021,Q3,September,False
617,2021-09-08,2021,Q3,September,False
618,2021-09-09,2021,Q3,September,False
619,2021-09-10,2021,Q3,September,False
620,2021-09-11,2021,Q3,September,True
621,2021-09-12,2021,Q3,September,True
622,2021-09-13,2021,Q3,September,False
623,2021-09-14,2021,Q3,September,False
624,2021-09-15,2021,Q3,September,False
625,2021-09-16,2021,Q3,September,False
626,2021-09-17,2021,Q3,September,False
627,2021-09-18,2021,Q3,September,True
628,2021-09-19,2021,Q3,September,True
629,2021-09-20,2021,Q3,September,False
630,2021-09-21,2021,Q3,September,False
631,2021-09-22,2021,Q3,September,False
632,2021-09-23,2021,Q3,September,False
633,2021-09-24,2021,Q3,September,False
634,2021-09-25,2021,Q3,September,True
635,2021-09-26,2021,Q3,September,True
636,2021-09-27,2021,Q3,September,False
637,2021-09-28,2021,Q3,September,False
638,2021-09-29,2021,Q3,September,False
639,2021-09-30,2021,Q3,September,False
640,2021-10-01,2021,Q4,October,False
641,2021-10-02,2021,Q4,October,True
642,2021-10-03,2021,Q4,October,True
643,2021-10-04,2021,Q4,October,False
644,2021-10-05,2021,Q4,October,False
645,2021-10-06,2021,Q4,October,False
646,2021-10-07,2021,Q4,October,False
647,2021-10-08,2021,Q4,October,False
648,2021-10-09,2021,Q4,October,True
649,2021-10-10,2021,Q4,October,True
650,2021-10-11,2021,Q4,October,False
651,2021-10-12,2021,Q4,October,False
652,2021-10-13,2021,Q4,October,False
653,2021-10-14,2021,Q4,October,False
654,2021-10-15,2021,Q4,October,False
655,2021-10-16,2021,Q4,October,True
656,2021-10-17,2021,Q4,October,True
657,2021-10-18,2021,Q4,October,False
658,2021-10-19,2021,Q4,October,False
659,2021-10-20,2021,Q4,October,False
660,2021-10-21,2021,Q4,October,False
661,2021-10-22,2021,Q4,October,False
662,2021-10-23,2021,Q4,October,True
663,2021-10-24,2021,Q4,October,True
664,2021-10-25,2021,Q4,October,False
665,2021-10-26,2021,Q4,October,False
666,2021-10-27,2021,Q4,October,False
667,2021-10-28,2021,Q4,October,False
668,2021-10-29,2021,Q4,October,False
669,2021-10-30,2021,Q4,October,True
670,2021-10-31,2021,Q4,October,True
671,2021-11-01,2021,Q4,November,False
672,2021-11-02,2021,Q4,November,False
673,2021-11-03,2021,Q4,November,False
674,2021-11-04,2021,Q4,November,False
675,2021-11-05,2021,Q4,November,False
676,2021-11-06,2021,Q4,November,True
677,2021-11-07,2021,Q4,November,True
678,2021-11-08,2021,Q4,November,False
679,2021-11-09,2021,Q4,November,False
680,2021-11-10,2021,Q4,November,False
681,2021-11-11,2021,Q4,November,False
682,2021-11-12,2021,Q4,November,False
683,2021-11-13,2021,Q4,November,True
684,2021-11-14,2021,Q4,November,True
685,2021-11-15,2021,Q4,November,False
686,2021-11-16,2021,Q4,November,False
687,2021-11-17,2021,Q4,November,False
688,2021-11-18,2021,Q4,November,False
689,2021-11-19,2021,Q4,November,False
690,2021-11-20,2021,Q4,November,True
691,2021-11-21,2021,Q4,November,True
692,2021-11-22,2021,Q4,November,False
693,2021-11-23,2021,Q4,November,False
694,2021-11-24,2021,Q4,November,False
695,2021-11-25,2021,Q4,November,False
696,2021-11-26,2021,Q4,November,False
697,2021-11-27,2021,Q4,November,True
698,2021-11-28,2021,Q4,November,True
699,2021-11-29,2021,Q4,November,False
700,2021-11-30,2021,Q4,November,False
701,2021-12-01,2021,Q4,December,False
702,2021-12-02,2021,Q4,December,False
703,2021-12-03,2021,Q4,December,False
704,2021-12-04,2021,Q4,December,True
705,2021-12-05,2021,Q4,December,True
706,2021-12-06,2021,Q4,December,False
707,2021-12-07,2021,Q4,December,False
708,2021-12-08,2021,Q4,December,False
709,2021-12-09,2021,Q4,December,False
710,2021-12-10,2021,Q4,December,False
711,2021-12-11,2021,Q4,December,True
712,2021-12-12,2021,Q4,December,True
713,2021-12-13,2021,Q4,December,False
714,2021-12-14,2021,Q4,December,False
715,2021-12-15,2021,Q4,December,False
716,2021-12-16,2021,Q4,December,False
717,2021-12-17,2021,Q4,December,False
718,2021-12-18,2021,Q4,December,True
719,2021-12-19,2021,Q4,December,True
720,2021-12-20,2021,Q4,December,False
721,2021-12-21,2021,Q4,December,False
722,2021-12-22,2021,Q4,December,False
723,2021-12-23,2021,Q4,December,False
724,2021-12-24,2021,Q4,December,False
725,2021-12-25,2021,Q4,December,True
726,2021-12-26,2021,Q4,December,True
727,2021-12-27,2021,Q4,December,False
728,2021-12-28,2021,Q4,December,False
729,2021-12-29,2021,Q4,December,False
730,2021-12-30,2021,Q4,December,False
731,2021-12-31,2021,Q4,December,False
732,2022-01-01,2022,Q1,January,True
733,2022-01-02,2022,Q1,January,True
734,2022-01-03,2022,Q1,January,False
735,2022-01-04,2022,Q1,January,False
736,2022-01-05,2022,Q1,January,False
737,2022-01-06,2022,Q1,January,False
738,2022-01-07,2022,Q1,January,False
739,2022-01-08,2022,Q1,January,True
740,2022-01-09,2022,Q1,January,True
741,2022-01-10,2022,Q1,January,False
742,2022-01-11,2022,Q1,January,False
743,2022-01-12,2022,Q1,January,False
744,2022-01-13,2022,Q1,January,False
745,2022-01-14,2022,Q1,January,False
746,2022-01-15,2022,Q1,January,True
747,2022-01-16,2022,Q1,January,True
748,2022-01-17,2022,Q1,January,False
749,2022-01-18,2022,Q1,January,False
750,2022-01-19,2022,Q1,January,False
751,2022-01-20,2022,Q1,January,False
752,2022-01-21,2022,Q1,January,False
753,2022-01-22,2022,Q1,January,True
754,2022-01-23,2022,Q1,January,True
755,2022-01-24,2022,Q1,January,False
756,2022-01-25,2022,Q1,January,False
757,2022-01-26,2022,Q1,January,False
758,2022-01-27,2022,Q1,January,False
759,2022-01-28,2022,Q1,January,False
760,2022-01-29,2022,Q1,January,True
761,2022-01-30,2022,Q1,January,True
762,2022-01-31,2022,Q1,January,False
763,2022-02-01,2022,Q1,February,False
764,2022-02-02,2022,Q1,February,False
765,2022-02-03,2022,Q1,February,False
766,2022-02-04,2022,Q1,February,False
767,2022-02-05,2022,Q1,February,True
768,2022-02-06,2022,Q1,February,True
769,2022-02-07,2022,Q1,February,False
770,2022-02-08,2022,Q1,February,False
771,2022-02-09,2022,Q1,February,False
772,2022-02-10,2022,Q1,February,False
773,2022-02-11,2022,Q1,February,False
774,2022-02-12,2022,Q1,February,True
775,2022-02-13,2022,Q1,February,True
776,2022-02-14,2022,Q1,February,False
777,2022-02-15,2022,Q1,February,False
778,2022-02-16,2022,Q1,February,False
779,2022-02-17,2022,Q1,February,False
780,2022-02-18,2022,Q1,February,False
781,2022-02-19,2022,Q1,February,True
782,2022-02-20,2022,Q1,February,True
783,2022-02-21,2022,Q1,February,False
784,2022-02-22,2022,Q1,February,False
785,2022-02-23,2022,Q1,February,False
786,2022-02-24,2022,Q1,February,False
787,2022-02-25,2022,Q1,February,False
788,2022-02-26,2022,Q1,February,True
789,2022-02-27,2022,Q1,February,True
790,2022-02-28,2022,Q1,February,False
791,2022-03-01,2022,Q1,March,False
792,2022-03-02,2022,Q1,March,False
793,2022-03-03,2022,Q1,March,False
794,2022-03-04,2022,Q1,March,False
795,2022-03-05,2022,Q1,March,True
796,2022-03-06,2022,Q1,March,True
797,2022-03-07,2022,Q1,March,False
798,2022-03-08,2022,Q1,March,False
799,2022-03-09,2022,Q1,March,False
800,2022-03-10,2022,Q1,March,False
801,2022-03-11,2022,Q1,March,False
802,2022-03-12,2022,Q1,March,True
803,2022-03-13,2022,Q1,March,True
804,2022-03-14,2022,Q1,March,False
805,2022-03-15,2022,Q1,March,False
806,2022-03-16,2022,Q1,March,False
807,2022-03-17,2022,Q1,March,False
808,2022-03-18,2022,Q1,March,False
809,2022-03-19,2022,Q1,March,True
810,2022-03-20,2022,Q1,March,True
811,2022-03-21,2022,Q1,March,False
812,2022-03-22,2022,Q1,March,False
813,2022-03-23,2022,Q1,March,False
814,2022-03-24,2022,Q1,March,False
815,2022-03-25,2022,Q1,March,False
816,2022-03-26,2022,Q1,March,True
817,2022-03-27,2022,Q1,March,True
818,2022-03-28,2022,Q1,March,False
819,2022-03-29,2022,Q1,March,False
820,2022-03-30,2022,Q1,March,False
821,2022-03-31,2022,Q1,March,False
822,2022-04-01,2022,Q2,April,False
823,2022-04-02,2022,Q2,April,True
824,2022-04-03,2022,Q2,April,True
825,2022-04-04,2022,Q2,April,False
826,2022-04-05,2022,Q2,April,False
827,2022-04-06,2022,Q2,April,False
828,2022-04-07,2022,Q2,April,False
829,2022-04-08,2022,Q2,April,False
830,2022-04-09,2022,Q2,April,True
831,2022-04-10,2022,Q2,April,True
832,2022-04-11,2022,Q2,April,False
833,2022-04-12,2022,Q2,April,False
834,2022-04-13,2022,Q2,April,False
835,2022-04-14,2022,Q2,April,False
836,2022-04-15,2022,Q2,April,False
837,2022-04-16,2022,Q2,April,True
838,2022-04-17,2022,Q2,April,True
839,2022-04-18,2022,Q2,April,False
840,2022-04-19,2022,Q2,April,False
841,2022-04-20,2022,Q2,April,False
842,2022-04-21,2022,Q2,April,False
843,2022-04-22,2022,Q2,April,False
844,2022-04-23,2022,Q2,April,True
845,2022-04-24,2022,Q2,April,True
846,2022-04-25,2022,Q2,April,False
847,2022-04-26,2022,Q2,April,False
848,2022-04-27,2022,Q2,April,False
849,2022-04-28,2022,Q2,April,False
850,2022-04-29,2022,Q2,April,False
851,2022-04-30,2022,Q2,April,True
852,2022-05-01,2022,Q2,May,True
853,2022-05-02,2022,Q2,May,False
854,2022-05-03,2022,Q2,May,False
855,2022-05-04,2022,Q2,May,False
856,2022-05-05,2022,Q2,May,False
857,2022-05-06,2022,Q2,May,False
858,2022-05-07,2022,Q2,May,True
859,2022-05-08,2022,Q2,May,True
860,2022-05-09,2022,Q2,May,False
861,2022-05-10,2022,Q2,May,False
862,2022-05-11,2022,Q2,May,False
863,2022-05-12,2022,Q2,May,False
864,2022-05-13,2022,Q2,May,False
865,2022-05-14,2022,Q2,May,True
866,2022-05-15,2022,Q2,May,True
867,2022-05-16,2022,Q2,May,False
868,2022-05-17,2022,Q2,May,False
869,2022-05-18,2022,Q2,May,False
870,2022-05-19,2022,Q2,May,False
871,2022-05-20,2022,Q2,May,False
872,2022-05-21,2022,Q2,May,True
873,2022-05-22,2022,Q2,May,True
874,2022-05-23,2022,Q2,May,False
875,2022-05-24,2022,Q2,May,False
876,2022-05-25,2022,Q2,May,False
877,2022-05-26,2022,Q2,May,False
878,2022-05-27,2022,Q2,May,False
879,2022-05-28,2022,Q2,May,True
880,2022-05-29,2022,Q2,May,True
881,2022-05-30,2022,Q2,May,False
882,2022-05-31,2022,Q2,May,False
883,2022-06-01,2022,Q2,June,False
884,2022-06-02,2022,Q2,June,False
885,2022-06-03,2022,Q2,June,False
886,2022-06-04,2022,Q2,June,True
887,2022-06-05,2022,Q2,June,True
888,2022-06-06,2022,Q2,June,False
889,2022-06-07,2022,Q2,June,False
890,2022-06-08,2022,Q2,June,False
891,2022-06-09,2022,Q2,June,False
892,2022-06-10,2022,Q2,June,False
893,2022-06-11,2022,Q2,June,True
894,2022-06-12,2022,Q2,June,True
895,2022-06-13,2022,Q2,June,False
896,2022-06-14,2022,Q2,June,False
897,2022-06-15,2022,Q2,June,False
898,2022-06-16,2022,Q2,June,False
899,2022-06-17,2022,Q2,June,False
900,2022-06-18,2022,Q2,June,True
901,2022-06-19,2022,Q2,June,True
902,2022-06-20,2022,Q2,June,False
903,2022-06-21,2022,Q2,June,False
904,2022-06-22,2022,Q2,June,False
905,2022-06-23,2022,Q2,June,False
906,2022-06-24,2022,Q2,June,False
907,2022-06-25,2022,Q2,June,True
908,2022-06-26,2022,Q2,June,True
909,2022-06-27,2022,Q2,June,False
910,2022-06-28,2022,Q2,June,False
911,2022-06-29,2022,Q2,June,False
912,2022-06-30,2022,Q2,June,False
913,2022-07-01,2022,Q3,July,False
914,2022-07-02,2022,Q3,July,True
915,2022-07-03,2022,Q3,July,True
916,2022-07-04,2022,Q3,July,False
917,2022-07-05,2022,Q3,July,False
918,2022-07-06,2022,Q3,July,False
919,2022-07-07,2022,Q3,July,False
920,2022-07-08,2022,Q3,July,False
921,2022-07-09,2022,Q3,July,True
922,2022-07-10,2022,Q3,July,True
923,2022-07-11,2022,Q3,July,False
924,2022-07-12,2022,Q3,July,False
925,2022-07-13,2022,Q3,July,False
926,2022-07-14,2022,Q3,July,False
927,2022-07-15,2022,Q3,July,False
928,2022-07-16,2022,Q3,July,True
929,2022-07-17,2022,Q3,July,True
930,2022-07-18,2022,Q3,July,False
931,2022-07-19,2022,Q3,July,False
932,2022-07-20,2022,Q3,July,False
933,2022-07-21,2022,Q3,July,False
934,2022-07-22,2022,Q3,July,False
935,2022-07-23,2022,Q3,July,True
936,2022-07-24,2022,Q3,July,True
937,2022-07-25,2022,Q3,July,False
938,2022-07-26,2022,Q3,July,False
939,2022-07-27,2022,Q3,July,False
940,2022-07-28,2022,Q3,July,False
941,2022-07-29,2022,Q3,July,False
942,2022-07-30,2022,Q3,July,True
943,2022-07-31,2022,Q3,July,True
944,2022-08-01,2022,Q3,August,False
945,2022-08-02,2022,Q3,August,False
946,2022-08-03,2022,Q3,August,False
947,2022-08-04,2022,Q3,August,False
948,2022-08-05,2022,Q3,August,False
949,2022-08-06,2022,Q3,August,True
950,2022-08-07,2022,Q3,August,True
951,2022-08-08,2022,Q3,August,False
952,2022-08-09,2022,Q3,August,False
953,2022-08-10,2022,Q3,August,False
954,2022-08-11,2022,Q3,August,False
955,2022-08-12,2022,Q3,August,False
956,2022-08-13,2022,Q3,August,True
957,2022-08-14,2022,Q3,August,True
958,2022-08-15,2022,Q3,August,False
959,2022-08-16,2022,Q3,August,False
960,2022-08-17,2022,Q3,August,False
961,2022-08-18,2022,Q3,August,False
962,2022-08-19,2022,Q3,August,False
963,2022-08-20,2022,Q3,August,True
964,2022-08-21,2022,Q3,August,True
965,2022-08-22,2022,Q3,August,False
966,2022-08-23,2022,Q3,August,False
967,2022-08-24,2022,Q3,August,False
968,2022-08-25,2022,Q3,August,False
969,2022-08-26,2022,Q3,August,False
970,2022-08-27,2022,Q3,August,True
971,2022-08-28,2022,Q3,August,True
972,2022-08-29,2022,Q3,August,False
973,2022-08-30,2022,Q3,August,False
974,2022-08-31,2022,Q3,August,False
975,2022-09-01,2022,Q3,September,False
976,2022-09-02,2022,Q3,September,False
977,2022-09-03,2022,Q3,September,True
978,2022-09-04,2022,Q3,September,True
979,2022-09-05,2022,Q3,September,False
980,2022-09-06,2022,Q3,September,False
981,2022-09-07,2022,Q3,September,False
982,2022-09-08,2022,Q3,September,False
983,2022-09-09,2022,Q3,September,False
984,2022-09-10,2022,Q3,September,True
985,2022-09-11,2022,Q3,September,True
986,2022-09-12,2022,Q3,September,False
987,2022-09-13,2022,Q3,September,False
988,2022-09-14,2022,Q3,September,False
989,2022-09-15,2022,Q3,September,False
990,2022-09-16,2022,Q3,September,False
991,2022-09-17,2022,Q3,September,True
992,2022-09-18,2022,Q3,September,True
993,2022-09-19,2022,Q3,September,False
994,2022-09-20,2022,Q3,September,False
995,2022-09-21,2022,Q3,September,False
996,2022-09-22,2022,Q3,September,False
997,2022-09-23,2022,Q3,September,False
998,2022-09-24,2022,Q3,September,True
999,2022-09-25,2022,Q3,September,True
1000,2022-09-26,2022,Q3,September,False
1001,2022-09-27,2022,Q3,September,False
1002,2022-09-28,2022,Q3,September,False
1003,2022-09-29,2022,Q3,September,False
1004,2022-09-30,2022,Q3,September,False
1005,2022-10-01,2022,Q4,October,True
1006,2022-10-02,2022,Q4,October,True
1007,2022-10-03,2022,Q4,October,False
1008,2022-10-04,2022,Q4,October,False
1009,2022-10-05,2022,Q4,October,False
1010,2022-10-06,2022,Q4,October,False
1011,2022-10-07,2022,Q4,October,False
1012,2022-10-08,2022,Q4,October,True
1013,2022-10-09,2022,Q4,October,True
1014,2022-10-10,2022,Q4,October,False
1015,2022-10-11,2022,Q4,October,False
1016,2022-10-12,2022,Q4,October,False
1017,2022-10-13,2022,Q4,October,False
1018,2022-10-14,2022,Q4,October,False
1019,2022-10-15,2022,Q4,October,True
1020,2022-10-16,2022,Q4,October,True
1021,2022-10-17,2022,Q4,October,False
1022,2022-10-18,2022,Q4,October,False
1023,2022-10-19,2022,Q4,October,False
1024,2022-10-20,2022,Q4,October,False
1025,2022-10-21,2022,Q4,October,False
1026,2022-10-22,2022,Q4,October,True
1027,2022-10-23,2022,Q4,October,True
1028,2022-10-24,2022,Q4,October,False
1029,2022-10-25,2022,Q4,October,False
1030,2022-10-26,2022,Q4,October,False
1031,2022-10-27,2022,Q4,October,False
1032,2022-10-28,2022,Q4,October,False
1033,2022-10-29,2022,Q4,October,True
1034,2022-10-30,2022,Q4,October,True
1035,2022-10-31,2022,Q4,October,False
1036,2022-11-01,2022,Q4,November,False
1037,2022-11-02,2022,Q4,November,False
1038,2022-11-03,2022,Q4,November,False
1039,2022-11-04,2022,Q4,November,False
1040,2022-11-05,2022,Q4,November,True
1041,2022-11-06,2022,Q4,November,True
1042,2022-11-07,2022,Q4,November,False
1043,2022-11-08,2022,Q4,November,False
1044,2022-11-09,2022,Q4,November,False
1045,2022-11-10,2022,Q4,November,False
1046,2022-11-11,2022,Q4,November,False
1047,2022-11-12,2022,Q4,November,True
1048,2022-11-13,2022,Q4,November,True
1049,2022-11-14,2022,Q4,November,False
1050,2022-11-15,2022,Q4,November,False
1051,2022-11-16,2022,Q4,November,False
1052,2022-11-17,2022,Q4,November,False
1053,2022-11-18,2022,Q4,November,False
1054,2022-11-19,2022,Q4,November,True
1055,2022-11-20,2022,Q4,November,True
1056,2022-11-21,2022,Q4,November,False
1057,2022-11-22,2022,Q4,November,False
1058,2022-11-23,2022,Q4,November,False
1059,2022-11-24,2022,Q4,November,False
1060,2022-11-25,2022,Q4,November,False
1061,2022-11-26,2022,Q4,November,True
1062,2022-11-27,2022,Q4,November,True
1063,2022-11-28,2022,Q4,November,False
1064,2022-11-29,2022,Q4,November,False
1065,2022-11-30,2022,Q4,November,False
1066,2022-12-01,2022,Q4,December,False
1067,2022-12-02,2022,Q4,December,False
1068,2022-12-03,2022,Q4,December,True
1069,2022-12-04,2022,Q4,December,True
1070,2022-12-05,2022,Q4,December,False
1071,2022-12-06,2022,Q4,December,False
1072,2022-12-07,2022,Q4,December,False
1073,2022-12-08,2022,Q4,December,False
1074,2022-12-09,2022,Q4,December,False
1075,2022-12-10,2022,Q4,December,True
1076,2022-12-11,2022,Q4,December,True
1077,2022-12-12,2022,Q4,December,False
1078,2022-12-13,2022,Q4,December,False
1079,2022-12-14,2022,Q4,December,False
1080,2022-12-15,2022,Q4,December,False
1081,2022-12-16,2022,Q4,December,False
1082,2022-12-17,2022,Q4,December,True
1083,2022-12-18,2022,Q4,December,True
1084,2022-12-19,2022,Q4,December,False
1085,2022-12-20,2022,Q4,December,False
1086,2022-12-21,2022,Q4,December,False
1087,2022-12-22,2022,Q4,December,False
1088,2022-12-23,2022,Q4,December,False
1089,2022-12-24,2022,Q4,December,True
1090,2022-12-25,2022,Q4,December,True
1091,2022-12-26,2022,Q4,December,False
1092,2022-12-27,2022,Q4,December,False
1093,2022-12-28,2022,Q4,December,False
1094,2022-12-29,2022,Q4,December,False
1095,2022-12-30,2022,Q4,December,False
1096,2022-12-31,2022,Q4,December,True
1097,2023-01-01,2023,Q1,January,True
1098,2023-01-02,2023,Q1,January,False
1099,2023-01-03,2023,Q1,January,False
1100,2023-01-04,2023,Q1,January,False
1101,2023-01-05,2023,Q1,January,False
1102,2023-01-06,2023,Q1,January,False
1103,2023-01-07,2023,Q1,January,True
1104,2023-01-08,2023,Q1,January,True
1105,2023-01-09,2023,Q1,January,False
1106,2023-01-10,2023,Q1,January,False
1107,2023-01-11,2023,Q1,January,False
1108,2023-01-12,2023,Q1,January,False
1109,2023-01-13,2023,Q1,January,False
1110,2023-01-14,2023,Q1,January,True
1111,2023-01-15,2023,Q1,January,True
1112,2023-01-16,2023,Q1,January,False
1113,2023-01-17,2023,Q1,January,False
1114,2023-01-18,2023,Q1,January,False
1115,2023-01-19,2023,Q1,January,False
1116,2023-01-20,2023,Q1,January,False
1117,2023-01-21,2023,Q1,January,True
1118,2023-01-22,2023,Q1,January,True
1119,2023-01-23,2023,Q1,January,False
1120,2023-01-24,2023,Q1,January,False
1121,2023-01-25,2023,Q1,January,False
1122,2023-01-26,2023,Q1,January,False
1123,2023-01-27,2023,Q1,January,False
1124,2023-01-28,2023,Q1,January,True
1125,2023-01-29,2023,Q1,January,True
1126,2023-01-30,2023,Q1,January,False
1127,2023-01-31,2023,Q1,January,False
1128,2023-02-01,2023,Q1,February,False
1129,2023-02-02,2023,Q1,February,False
1130,2023-02-03,2023,Q1,February,False
1131,2023-02-04,2023,Q1,February,True
1132,2023-02-05,2023,Q1,February,True
1133,2023-02-06,2023,Q1,February,False
1134,2023-02-07,2023,Q1,February,False
1135,2023-02-08,2023,Q1,February,False
1136,2023-02-09,2023,Q1,February,False
1137,2023-02-10,2023,Q1,February,False
1138,2023-02-11,2023,Q1,February,True
1139,2023-02-12,2023,Q1,February,True
1140,2023-02-13,2023,Q1,February,False
1141,2023-02-14,2023,Q1,February,False
1142,2023-02-15,2023,Q1,February,False
1143,2023-02-16,2023,Q1,February,False
1144,2023-02-17,2023,Q1,February,False
1145,2023-02-18,2023,Q1,February,True
1146,2023-02-19,2023,Q1,February,True
1147,2023-02-20,2023,Q1,February,False
1148,2023-02-21,2023,Q1,February,False
1149,2023-02-22,2023,Q1,February,False
1150,2023-02-23,2023,Q1,February,False
1151,2023-02-24,2023,Q1,February,False
1152,2023-02-25,2023,Q1,February,True
1153,2023-02-26,2023,Q1,February,True
1154,2023-02-27,2023,Q1,February,False
1155,2023-02-28,2023,Q1,February,False
1156,2023-03-01,2023,Q1,March,False
1157,2023-03-02,2023,Q1,March,False
1158,2023-03-03,2023,Q1,March,False
1159,2023-03-04,2023,Q1,March,True
1160,2023-03-05,2023,Q1,March,True
1161,2023-03-06,2023,Q1,March,False
1162,2023-03-07,2023,Q1,March,False
1163,2023-03-08,2023,Q1,March,False
1164,2023-03-09,2023,Q1,March,False
1165,2023-03-10,2023,Q1,March,False
1166,2023-03-11,2023,Q1,March,True
1167,2023-03-12,2023,Q1,March,True
1168,2023-03-13,2023,Q1,March,False
1169,2023-03-14,2023,Q1,March,False
1170,2023-03-15,2023,Q1,March,False
1171,2023-03-16,2023,Q1,March,False
1172,2023-03-17,2023,Q1,March,False
1173,2023-03-18,2023,Q1,March,True
1174,2023-03-19,2023,Q1,March,True
1175,2023-03-20,2023,Q1,March,False
1176,2023-03-21,2023,Q1,March,False
1177,2023-03-22,2023,Q1,March,False
1178,2023-03-23,2023,Q1,March,False
1179,2023-03-24,2023,Q1,March,False
1180,2023-03-25,2023,Q1,March,True
1181,2023-03-26,2023,Q1,March,True
1182,2023-03-27,2023,Q1,March,False
1183,2023-03-28,2023,Q1,March,False
1184,2023-03-29,2023,Q1,March,False
1185,2023-03-30,2023,Q1,March,False
1186,2023-03-31,2023,Q1,March,False
1187,2023-04-01,2023,Q2,April,True
1188,2023-04-02,2023,Q2,April,True
1189,2023-04-03,2023,Q2,April,False
1190,2023-04-04,2023,Q2,April,False
1191,2023-04-05,2023,Q2,April,False
1192,2023-04-06,2023,Q2,April,False
1193,2023-04-07,2023,Q2,April,False
1194,2023-04-08,2023,Q2,April,True
1195,2023-04-09,2023,Q2,April,True
1196,2023-04-10,2023,Q2,April,False
1197,2023-04-11,2023,Q2,April,False
1198,2023-04-12,2023,Q2,April,False
1199,2023-04-13,2023,Q2,April,False
1200,2023-04-14,2023,Q2,April,False
1201,2023-04-15,2023,Q2,April,True
1202,2023-04-16,2023,Q2,April,True
1203,2023-04-17,2023,Q2,April,False
1204,2023-04-18,2023,Q2,April,False
1205,2023-04-19,2023,Q2,April,False
1206,2023-04-20,2023,Q2,April,False
1207,2023-04-21,2023,Q2,April,False
1208,2023-04-22,2023,Q2,April,True
1209,2023-04-23,2023,Q2,April,True
1210,2023-04-24,2023,Q2,April,False
1211,2023-04-25,2023,Q2,April,False
1212,2023-04-26,2023,Q2,April,False
1213,2023-04-27,2023,Q2,April,False
1214,2023-04-28,2023,Q2,April,False
1215,2023-04-29,2023,Q2,April,True
1216,2023-04-30,2023,Q2,April,True
1217,2023-05-01,2023,Q2,May,False
1218,2023-05-02,2023,Q2,May,False
1219,2023-05-03,2023,Q2,May,False
1220,2023-05-04,2023,Q2,May,False
1221,2023-05-05,2023,Q2,May,False
1222,2023-05-06,2023,Q2,May,True
1223,2023-05-07,2023,Q2,May,True
1224,2023-05-08,2023,Q2,May,False
1225,2023-05-09,2023,Q2,May,False
1226,2023-05-10,2023,Q2,May,False
1227,2023-05-11,2023,Q2,May,False
1228,2023-05-12,2023,Q2,May,False
1229,2023-05-13,2023,Q2,May,True
1230,2023-05-14,2023,Q2,May,True
1231,2023-05-15,2023,Q2,May,False
1232,2023-05-16,2023,Q2,May,False
1233,2023-05-17,2023,Q2,May,False
1234,2023-05-18,2023,Q2,May,False
1235,2023-05-19,2023,Q2,May,False
1236,2023-05-20,2023,Q2,May,True
1237,2023-05-21,2023,Q2,May,True
1238,2023-05-22,2023,Q2,May,False
1239,2023-05-23,2023,Q2,May,False
1240,2023-05-24,2023,Q2,May,False
1241,2023-05-25,2023,Q2,May,False
1242,2023-05-26,2023,Q2,May,False
1243,2023-05-27,2023,Q2,May,True
1244,2023-05-28,2023,Q2,May,True
1245,2023-05-29,2023,Q2,May,False
1246,2023-05-30,2023,Q2,May,False
1247,2023-05-31,2023,Q2,May,False
1248,2023-06-01,2023,Q2,June,False
1249,2023-06-02,2023,Q2,June,False
1250,2023-06-03,2023,Q2,June,True
1251,2023-06-04,2023,Q2,June,True
1252,2023-06-05,2023,Q2,June,False
1253,2023-06-06,2023,Q2,June,False
1254,2023-06-07,2023,Q2,June,False
1255,2023-06-08,2023,Q2,June,False
1256,2023-06-09,2023,Q2,June,False
1257,2023-06-10,2023,Q2,June,True
1258,2023-06-11,2023,Q2,June,True
1259,2023-06-12,2023,Q2,June,False
1260,2023-06-13,2023,Q2,June,False
1261,2023-06-14,2023,Q2,June,False
1262,2023-06-15,2023,Q2,June,False
1263,2023-06-16,2023,Q2,June,False
1264,2023-06-17,2023,Q2,June,True
1265,2023-06-18,2023,Q2,June,True
1266,2023-06-19,2023,Q2,June,False
1267,2023-06-20,2023,Q2,June,False
1268,2023-06-21,2023,Q2,June,False
1269,2023-06-22,2023,Q2,June,False
1270,2023-06-23,2023,Q2,June,False
1271,2023-06-24,2023,Q2,June,True
1272,2023-06-25,2023,Q2,June,True
1273,2023-06-26,2023,Q2,June,False
1274,2023-06-27,2023,Q2,June,False
1275,2023-06-28,2023,Q2,June,False
1276,2023-06-29,2023,Q2,June,False
1277,2023-06-30,2023,Q2,June,False
1278,2023-07-01,2023,Q3,July,True
1279,2023-07-02,2023,Q3,July,True
1280,2023-07-03,2023,Q3,July,False
1281,2023-07-04,2023,Q3,July,False
1282,2023-07-05,2023,Q3,July,False
1283,2023-07-06,2023,Q3,July,False
1284,2023-07-07,2023,Q3,July,False
1285,2023-07-08,2023,Q3,July,True
1286,2023-07-09,2023,Q3,July,True
1287,2023-07-10,2023,Q3,July,False
1288,2023-07-11,2023,Q3,July,False
1289,2023-07-12,2023,Q3,July,False
1290,2023-07-13,2023,Q3,July,False
1291,2023-07-14,2023,Q3,July,False
1292,2023-07-15,2023,Q3,July,True
1293,2023-07-16,2023,Q3,July,True
1294,2023-07-17,2023,Q3,July,False
1295,2023-07-18,2023,Q3,July,False
1296,2023-07-19,2023,Q3,July,False
1297,2023-07-20,2023,Q3,July,False
1298,2023-07-21,2023,Q3,July,False
1299,2023-07-22,2023,Q3,July,True
1300,2023-07-23,2023,Q3,July,True
1301,2023-07-24,2023,Q3,July,False
1302,2023-07-25,2023,Q3,July,False
1303,2023-07-26,2023,Q3,July,False
1304,2023-07-27,2023,Q3,July,False
1305,2023-07-28,2023,Q3,July,False
1306,2023-07-29,2023,Q3,July,True
1307,2023-07-30,2023,Q3,July,True
1308,2023-07-31,2023,Q3,July,False
1309,2023-08-01,2023,Q3,August,False
1310,2023-08-02,2023,Q3,August,False
1311,2023-08-03,2023,Q3,August,False
1312,2023-08-04,2023,Q3,August,False
1313,2023-08-05,2023,Q3,August,True
1314,2023-08-06,2023,Q3,August,True
1315,2023-08-07,2023,Q3,August,False
1316,2023-08-08,2023,Q3,August,False
1317,2023-08-09,2023,Q3,August,False
1318,2023-08-10,2023,Q3,August,False
1319,2023-08-11,2023,Q3,August,False
1320,2023-08-12,2023,Q3,August,True
1321,2023-08-13,2023,Q3,August,True
1322,2023-08-14,2023,Q3,August,False
1323,2023-08-15,2023,Q3,August,False
1324,2023-08-16,2023,Q3,August,False
1325,2023-08-17,2023,Q3,August,False
1326,2023-08-18,2023,Q3,August,False
1327,2023-08-19,2023,Q3,August,True
1328,2023-08-20,2023,Q3,August,True
1329,2023-08-21,2023,Q3,August,False
1330,2023-08-22,2023,Q3,August,False
1331,2023-08-23,2023,Q3,August,False
1332,2023-08-24,2023,Q3,August,False
1333,2023-08-25,2023,Q3,August,False
1334,2023-08-26,2023,Q3,August,True
1335,2023-08-27,2023,Q3,August,True
1336,2023-08-28,2023,Q3,August,False
1337,2023-08-29,2023,Q3,August,False
1338,2023-08-30,2023,Q3,August,False
1339,2023-08-31,2023,Q3,August,False
1340,2023-09-01,2023,Q3,September,False
1341,2023-09-02,2023,Q3,September,True
1342,2023-09-03,2023,Q3,September,True
1343,2023-09-04,2023,Q3,September,False
1344,2023-09-05,2023,Q3,September,False
1345,2023-09-06,2023,Q3,September,False
1346,2023-09-07,2023,Q3,September,False
1347,2023-09-08,2023,Q3,September,False
1348,2023-09-09,2023,Q3,September,True
1349,2023-09-10,2023,Q3,September,True
1350,2023-09-11,2023,Q3,September,False
1351,2023-09-12,2023,Q3,September,False
1352,2023-09-13,2023,Q3,September,False
1353,2023-09-14,2023,Q3,September,False
1354,2023-09-15,2023,Q3,September,False
1355,2023-09-16,2023,Q3,September,True
1356,2023-09-17,2023,Q3,September,True
1357,2023-09-18,2023,Q3,September,False
1358,2023-09-19,2023,Q3,September,False
1359,2023-09-20,2023,Q3,September,False
1360,2023-09-21,2023,Q3,September,False
1361,2023-09-22,2023,Q3,September,False
1362,2023-09-23,2023,Q3,September,True
1363,2023-09-24,2023,Q3,September,True
1364,2023-09-25,2023,Q3,September,False
1365,2023-09-26,2023,Q3,September,False
1366,2023-09-27,2023,Q3,September,False
1367,2023-09-28,2023,Q3,September,False
1368,2023-09-29,2023,Q3,September,False
1369,2023-09-30,2023,Q3,September,True
1370,2023-10-01,2023,Q4,October,True
1371,2023-10-02,2023,Q4,October,False
1372,2023-10-03,2023,Q4,October,False
1373,2023-10-04,2023,Q4,October,False
1374,2023-10-05,2023,Q4,October,False
1375,2023-10-06,2023,Q4,October,False
1376,2023-10-07,2023,Q4,October,True
1377,2023-10-08,2023,Q4,October,True
1378,2023-10-09,2023,Q4,October,False
1379,2023-10-10,2023,Q4,October,False
1380,2023-10-11,2023,Q4,October,False
1381,2023-10-12,2023,Q4,October,False
1382,2023-10-13,2023,Q4,October,False
1383,2023-10-14,2023,Q4,October,True
1384,2023-10-15,2023,Q4,October,True
1385,2023-10-16,2023,Q4,October,False
1386,2023-10-17,2023,Q4,October,False
1387,2023-10-18,2023,Q4,October,False
1388,2023-10-19,2023,Q4,October,False
1389,2023-10-20,2023,Q4,October,False
1390,2023-10-21,2023,Q4,October,True
1391,2023-10-22,2023,Q4,October,True
1392,2023-10-23,2023,Q4,October,False
1393,2023-10-24,2023,Q4,October,False
1394,2023-10-25,2023,Q4,October,False
1395,2023-10-26,2023,Q4,October,False
1396,2023-10-27,2023,Q4,October,False
1397,2023-10-28,2023,Q4,October,True
1398,2023-10-29,2023,Q4,October,True
1399,2023-10-30,2023,Q4,October,False
1400,2023-10-31,2023,Q4,October,False
1401,2023-11-01,2023,Q4,November,False
1402,2023-11-02,2023,Q4,November,False
1403,2023-11-03,2023,Q4,November,False
1404,2023-11-04,2023,Q4,November,True
1405,2023-11-05,2023,Q4,November,True
1406,2023-11-06,2023,Q4,November,False
1407,2023-11-07,2023,Q4,November,False
1408,2023-11-08,2023,Q4,November,False
1409,2023-11-09,2023,Q4,November,False
1410,2023-11-10,2023,Q4,November,False
1411,2023-11-11,2023,Q4,November,True
1412,2023-11-12,2023,Q4,November,True
1413,2023-11-13,2023,Q4,November,False
1414,2023-11-14,2023,Q4,November,False
1415,2023-11-15,2023,Q4,November,False
1416,2023-11-16,2023,Q4,November,False
1417,2023-11-17,2023,Q4,November,False
1418,2023-11-18,2023,Q4,November,True
1419,2023-11-19,2023,Q4,November,True
1420,2023-11-20,2023,Q4,November,False
1421,2023-11-21,2023,Q4,November,False
1422,2023-11-22,2023,Q4,November,False
1423,2023-11-23,2023,Q4,November,False
1424,2023-11-24,2023,Q4,November,False
1425,2023-11-25,2023,Q4,November,True
1426,2023-11-26,2023,Q4,November,True
1427,2023-11-27,2023,Q4,November,False
1428,2023-11-28,2023,Q4,November,False
1429,2023-11-29,2023,Q4,November,False
1430,2023-11-30,2023,Q4,November,False
1431,2023-12-01,2023,Q4,December,False
1432,2023-12-02,2023,Q4,December,True
1433,2023-12-03,2023,Q4,December,True
1434,2023-12-04,2023,Q4,December,False
1435,2023-12-05,2023,Q4,December,False
1436,2023-12-06,2023,Q4,December,False
1437,2023-12-07,2023,Q4,December,False
1438,2023-12-08,2023,Q4,December,False
1439,2023-12-09,2023,Q4,December,True
1440,2023-12-10,2023,Q4,December,True
1441,2023-12-11,2023,Q4,December,False
1442,2023-12-12,2023,Q4,December,False
1443,2023-12-13,2023,Q4,December,False
1444,2023-12-14,2023,Q4,December,False
1445,2023-12-15,2023,Q4,December,False
1446,2023-12-16,2023,Q4,December,True
1447,2023-12-17,2023,Q4,December,True
1448,2023-12-18,2023,Q4,December,False
1449,2023-12-19,2023,Q4,December,False
1450,2023-12-20,2023,Q4,December,False
1451,2023-12-21,2023,Q4,December,False
1452,2023-12-22,2023,Q4,December,False
1453,2023-12-23,2023,Q4,December,True
1454,2023-12-24,2023,Q4,December,True
1455,2023-12-25,2023,Q4,December,False
1456,2023-12-26,2023,Q4,December,False
1457,2023-12-27,2023,Q4,December,False
1458,2023-12-28,2023,Q4,December,False
1459,2023-12-29,2023,Q4,December,False
1460,2023-12-30,2023,Q4,December,True
1461,2023-12-31,2023,Q4,December,True
1462,2024-01-01,2024,Q1,January,False
1463,2024-01-02,2024,Q1,January,False
1464,2024-01-03,2024,Q1,January,False
1465,2024-01-04,2024,Q1,January,False
1466,2024-01-05,2024,Q1,January,False
1467,2024-01-06,2024,Q1,January,True
1468,2024-01-07,2024,Q1,January,True
1469,2024-01-08,2024,Q1,January,False
1470,2024-01-09,2024,Q1,January,False
1471,2024-01-10,2024,Q1,January,False
1472,2024-01-11,2024,Q1,January,False
1473,2024-01-12,2024,Q1,January,False
1474,2024-01-13,2024,Q1,January,True
1475,2024-01-14,2024,Q1,January,True
1476,2024-01-15,2024,Q1,January,False
1477,2024-01-16,2024,Q1,January,False
1478,2024-01-17,2024,Q1,January,False
1479,2024-01-18,2024,Q1,January,False
1480,2024-01-19,2024,Q1,January,False
1481,2024-01-20,2024,Q1,January,True
1482,2024-01-21,2024,Q1,January,True
1483,2024-01-22,2024,Q1,January,False
1484,2024-01-23,2024,Q1,January,False
1485,2024-01-24,2024,Q1,January,False
1486,2024-01-25,2024,Q1,January,False
1487,2024-01-26,2024,Q1,January,False
1488,2024-01-27,2024,Q1,January,True
1489,2024-01-28,2024,Q1,January,True
1490,2024-01-29,2024,Q1,January,False
1491,2024-01-30,2024,Q1,January,False
1492,2024-01-31,2024,Q1,January,False
1493,2024-02-01,2024,Q1,February,False
1494,2024-02-02,2024,Q1,February,False
1495,2024-02-03,2024,Q1,February,True
1496,2024-02-04,2024,Q1,February,True
1497,2024-02-05,2024,Q1,February,False
1498,2024-02-06,2024,Q1,February,False
1499,2024-02-07,2024,Q1,February,False
1500,2024-02-08,2024,Q1,February,False
1501,2024-02-09,2024,Q1,February,False
1502,2024-02-10,2024,Q1,February,True
1503,2024-02-11,2024,Q1,February,True
1504,2024-02-12,2024,Q1,February,False
1505,2024-02-13,2024,Q1,February,False
1506,2024-02-14,2024,Q1,February,False
1507,2024-02-15,2024,Q1,February,False
1508,2024-02-16,2024,Q1,February,False
1509,2024-02-17,2024,Q1,February,True
1510,2024-02-18,2024,Q1,February,True
1511,2024-02-19,2024,Q1,February,False
1512,2024-02-20,2024,Q1,February,False
1513,2024-02-21,2024,Q1,February,False
1514,2024-02-22,2024,Q1,February,False
1515,2024-02-23,2024,Q1,February,False
1516,2024-02-24,2024,Q1,February,True
1517,2024-02-25,2024,Q1,February,True
1518,2024-02-26,2024,Q1,February,False
1519,2024-02-27,2024,Q1,February,False
1520,2024-02-28,2024,Q1,February,False
1521,2024-02-29,2024,Q1,February,False
1522,2024-03-01,2024,Q1,March,False
1523,2024-03-02,2024,Q1,March,True
1524,2024-03-03,2024,Q1,March,True
1525,2024-03-04,2024,Q1,March,False
1526,2024-03-05,2024,Q1,March,False
1527,2024-03-06,2024,Q1,March,False
1528,2024-03-07,2024,Q1,March,False
1529,2024-03-08,2024,Q1,March,False
1530,2024-03-09,2024,Q1,March,True
1531,2024-03-10,2024,Q1,March,True
1532,2024-03-11,2024,Q1,March,False
1533,2024-03-12,2024,Q1,March,False
1534,2024-03-13,2024,Q1,March,False
1535,2024-03-14,2024,Q1,March,False
1536,2024-03-15,2024,Q1,March,False
1537,2024-03-16,2024,Q1,March,True
1538,2024-03-17,2024,Q1,March,True
1539,2024-03-18,2024,Q1,March,False
1540,2024-03-19,2024,Q1,March,False
1541,2024-03-20,2024,Q1,March,False
1542,2024-03-21,2024,Q1,March,False
1543,2024-03-22,2024,Q1,March,False
1544,2024-03-23,2024,Q1,March,True
1545,2024-03-24,2024,Q1,March,True
1546,2024-03-25,2024,Q1,March,False
1547,2024-03-26,2024,Q1,March,False
1548,2024-03-27,2024,Q1,March,False
1549,2024-03-28,2024,Q1,March,False
1550,2024-03-29,2024,Q1,March,False
1551,2024-03-30,2024,Q1,March,True
1552,2024-03-31,2024,Q1,March,True
1553,2024-04-01,2024,Q2,April,False
1554,2024-04-02,2024,Q2,April,False
1555,2024-04-03,2024,Q2,April,False
1556,2024-04-04,2024,Q2,April,False
1557,2024-04-05,2024,Q2,April,False
1558,2024-04-06,2024,Q2,April,True
1559,2024-04-07,2024,Q2,April,True
1560,2024-04-08,2024,Q2,April,False
1561,2024-04-09,2024,Q2,April,False
1562,2024-04-10,2024,Q2,April,False
1563,2024-04-11,2024,Q2,April,False
1564,2024-04-12,2024,Q2,April,False
1565,2024-04-13,2024,Q2,April,True
1566,2024-04-14,2024,Q2,April,True
1567,2024-04-15,2024,Q2,April,False
1568,2024-04-16,2024,Q2,April,False
1569,2024-04-17,2024,Q2,April,False
1570,2024-04-18,2024,Q2,April,False
1571,2024-04-19,2024,Q2,April,False
1572,2024-04-20,2024,Q2,April,True
1573,2024-04-21,2024,Q2,April,True
1574,2024-04-22,2024,Q2,April,False
1575,2024-04-23,2024,Q2,April,False
1576,2024-04-24,2024,Q2,April,False
1577,2024-04-25,2024,Q2,April,False
1578,2024-04-26,2024,Q2,April,False
1579,2024-04-27,2024,Q2,April,True
1580,2024-04-28,2024,Q2,April,True
1581,2024-04-29,2024,Q2,April,False
1582,2024-04-30,2024,Q2,April,False
1583,2024-05-01,2024,Q2,May,False
1584,2024-05-02,2024,Q2,May,False
1585,2024-05-03,2024,Q2,May,False
1586,2024-05-04,2024,Q2,May,True
1587,2024-05-05,2024,Q2,May,True
1588,2024-05-06,2024,Q2,May,False
1589,2024-05-07,2024,Q2,May,False
1590,2024-05-08,2024,Q2,May,False
1591,2024-05-09,2024,Q2,May,False
1592,2024-05-10,2024,Q2,May,False
1593,2024-05-11,2024,Q2,May,True
1594,2024-05-12,2024,Q2,May,True
1595,2024-05-13,2024,Q2,May,False
1596,2024-05-14,2024,Q2,May,False
1597,2024-05-15,2024,Q2,May,False
1598,2024-05-16,2024,Q2,May,False
1599,2024-05-17,2024,Q2,May,False
1600,2024-05-18,2024,Q2,May,True
1601,2024-05-19,2024,Q2,May,True
1602,2024-05-20,2024,Q2,May,False
1603,2024-05-21,2024,Q2,May,False
1604,2024-05-22,2024,Q2,May,False
1605,2024-05-23,2024,Q2,May,False
1606,2024-05-24,2024,Q2,May,False
1607,2024-05-25,2024,Q2,May,True
1608,2024-05-26,2024,Q2,May,True
1609,2024-05-27,2024,Q2,May,False
1610,2024-05-28,2024,Q2,May,False
1611,2024-05-29,2024,Q2,May,False
1612,2024-05-30,2024,Q2,May,False
1613,2024-05-31,2024,Q2,May,False
1614,2024-06-01,2024,Q2,June,True
1615,2024-06-02,2024,Q2,June,True
1616,2024-06-03,2024,Q2,June,False
1617,2024-06-04,2024,Q2,June,False
1618,2024-06-05,2024,Q2,June,False
1619,2024-06-06,2024,Q2,June,False
1620,2024-06-07,2024,Q2,June,False
1621,2024-06-08,2024,Q2,June,True
1622,2024-06-09,2024,Q2,June,True
1623,2024-06-10,2024,Q2,June,False
1624,2024-06-11,2024,Q2,June,False
1625,2024-06-12,2024,Q2,June,False
1626,2024-06-13,2024,Q2,June,False
1627,2024-06-14,2024,Q2,June,False
1628,2024-06-15,2024,Q2,June,True
1629,2024-06-16,2024,Q2,June,True
1630,2024-06-17,2024,Q2,June,False
1631,2024-06-18,2024,Q2,June,False
1632,2024-06-19,2024,Q2,June,False
1633,2024-06-20,2024,Q2,June,False
1634,2024-06-21,2024,Q2,June,False
1635,2024-06-22,2024,Q2,June,True
1636,2024-06-23,2024,Q2,June,True
1637,2024-06-24,2024,Q2,June,False
1638,2024-06-25,2024,Q2,June,False
1639,2024-06-26,2024,Q2,June,False
1640,2024-06-27,2024,Q2,June,False
1641,2024-06-28,2024,Q2,June,False
1642,2024-06-29,2024,Q2,June,True
1643,2024-06-30,2024,Q2,June,True
1644,2024-07-01,2024,Q3,July,False
1645,2024-07-02,2024,Q3,July,False
1646,2024-07-03,2024,Q3,July,False
1647,2024-07-04,2024,Q3,July,False
1648,2024-07-05,2024,Q3,July,False
1649,2024-07-06,2024,Q3,July,True
1650,2024-07-07,2024,Q3,July,True
1651,2024-07-08,2024,Q3,July,False
1652,2024-07-09,2024,Q3,July,False
1653,2024-07-10,2024,Q3,July,False
1654,2024-07-11,2024,Q3,July,False
1655,2024-07-12,2024,Q3,July,False
1656,2024-07-13,2024,Q3,July,True
1657,2024-07-14,2024,Q3,July,True
1658,2024-07-15,2024,Q3,July,False
1659,2024-07-16,2024,Q3,July,False
1660,2024-07-17,2024,Q3,July,False
1661,2024-07-18,2024,Q3,July,False
1662,2024-07-19,2024,Q3,July,False
1663,2024-07-20,2024,Q3,July,True
1664,2024-07-21,2024,Q3,July,True
1665,2024-07-22,2024,Q3,July,False
1666,2024-07-23,2024,Q3,July,False
1667,2024-07-24,2024,Q3,July,False
1668,2024-07-25,2024,Q3,July,False
1669,2024-07-26,2024,Q3,July,False
1670,2024-07-27,2024,Q3,July,True
1671,2024-07-28,2024,Q3,July,True
1672,2024-07-29,2024,Q3,July,False
1673,2024-07-30,2024,Q3,July,False
1674,2024-07-31,2024,Q3,July,False
1675,2024-08-01,2024,Q3,August,False
1676,2024-08-02,2024,Q3,August,False
1677,2024-08-03,2024,Q3,August,True
1678,2024-08-04,2024,Q3,August,True
1679,2024-08-05,2024,Q3,August,False
1680,2024-08-06,2024,Q3,August,False
1681,2024-08-07,2024,Q3,August,False
1682,2024-08-08,2024,Q3,August,False
1683,2024-08-09,2024,Q3,August,False
1684,2024-08-10,2024,Q3,August,True
1685,2024-08-11,2024,Q3,August,True
1686,2024-08-12,2024,Q3,August,False
1687,2024-08-13,2024,Q3,August,False
1688,2024-08-14,2024,Q3,August,False
1689,2024-08-15,2024,Q3,August,False
1690,2024-08-16,2024,Q3,August,False
1691,2024-08-17,2024,Q3,August,True
1692,2024-08-18,2024,Q3,August,True
1693,2024-08-19,2024,Q3,August,False
1694,2024-08-20,2024,Q3,August,False
1695,2024-08-21,2024,Q3,August,False
1696,2024-08-22,2024,Q3,August,False
1697,2024-08-23,2024,Q3,August,False
1698,2024-08-24,2024,Q3,August,True
1699,2024-08-25,2024,Q3,August,True
1700,2024-08-26,2024,Q3,August,False
1701,2024-08-27,2024,Q3,August,False
1702,2024-08-28,2024,Q3,August,False
1703,2024-08-29,2024,Q3,August,False
1704,2024-08-30,2024,Q3,August,False
1705,2024-08-31,2024,Q3,August,True
1706,2024-09-01,2024,Q3,September,True
1707,2024-09-02,2024,Q3,September,False
1708,2024-09-03,2024,Q3,September,False
1709,2024-09-04,2024,Q3,September,False
1710,2024-09-05,2024,Q3,September,False
1711,2024-09-06,2024,Q3,September,False
1712,2024-09-07,2024,Q3,September,True
1713,2024-09-08,2024,Q3,September,True
1714,2024-09-09,2024,Q3,September,False
1715,2024-09-10,2024,Q3,September,False
1716,2024-09-11,2024,Q3,September,False
1717,2024-09-12,2024,Q3,September,False
1718,2024-09-13,2024,Q3,September,False
1719,2024-09-14,2024,Q3,September,True
1720,2024-09-15,2024,Q3,September,True
1721,2024-09-16,2024,Q3,September,False
1722,2024-09-17,2024,Q3,September,False
1723,2024-09-18,2024,Q3,September,False
1724,2024-09-19,2024,Q3,September,False
1725,2024-09-20,2024,Q3,September,False
1726,2024-09-21,2024,Q3,September,True
1727,2024-09-22,2024,Q3,September,True
1728,2024-09-23,2024,Q3,September,False
1729,2024-09-24,2024,Q3,September,False
1730,2024-09-25,2024,Q3,September,False
1731,2024-09-26,2024,Q3,September,False
1732,2024-09-27,2024,Q3,September,False
1733,2024-09-28,2024,Q3,September,True
1734,2024-09-29,2024,Q3,September,True
1735,2024-09-30,2024,Q3,September,False
1736,2024-10-01,2024,Q4,October,False
1737,2024-10-02,2024,Q4,October,False
1738,2024-10-03,2024,Q4,October,False
1739,2024-10-04,2024,Q4,October,False
1740,2024-10-05,2024,Q4,October,True
1741,2024-10-06,2024,Q4,October,True
1742,2024-10-07,2024,Q4,October,False
1743,2024-10-08,2024,Q4,October,False
1744,2024-10-09,2024,Q4,October,False
1745,2024-10-10,2024,Q4,October,False
1746,2024-10-11,2024,Q4,October,False
1747,2024-10-12,2024,Q4,October,True
1748,2024-10-13,2024,Q4,October,True
1749,2024-10-14,2024,Q4,October,False
1750,2024-10-15,2024,Q4,October,False
1751,2024-10-16,2024,Q4,October,False
1752,2024-10-17,2024,Q4,October,False
1753,2024-10-18,2024,Q4,October,False
1754,2024-10-19,2024,Q4,October,True
1755,2024-10-20,2024,Q4,October,True
1756,2024-10-21,2024,Q4,October,False
1757,2024-10-22,2024,Q4,October,False
1758,2024-10-23,2024,Q4,October,False
1759,2024-10-24,2024,Q4,October,False
1760,2024-10-25,2024,Q4,October,False
1761,2024-10-26,2024,Q4,October,True
1762,2024-10-27,2024,Q4,October,True
1763,2024-10-28,2024,Q4,October,False
1764,2024-10-29,2024,Q4,October,False
1765,2024-10-30,2024,Q4,October,False
1766,2024-10-31,2024,Q4,October,False
1767,2024-11-01,2024,Q4,November,False
1768,2024-11-02,2024,Q4,November,True
1769,2024-11-03,2024,Q4,November,True
1770,2024-11-04,2024,Q4,November,False
1771,2024-11-05,2024,Q4,November,False
1772,2024-11-06,2024,Q4,November,False
1773,2024-11-07,2024,Q4,November,False
1774,2024-11-08,2024,Q4,November,False
1775,2024-11-09,2024,Q4,November,True
1776,2024-11-10,2024,Q4,November,True
1777,2024-11-11,2024,Q4,November,False
1778,2024-11-12,2024,Q4,November,False
1779,2024-11-13,2024,Q4,November,False
1780,2024-11-14,2024,Q4,November,False
1781,2024-11-15,2024,Q4,November,False
1782,2024-11-16,2024,Q4,November,True
1783,2024-11-17,2024,Q4,November,True
1784,2024-11-18,2024,Q4,November,False
1785,2024-11-19,2024,Q4,November,False
1786,2024-11-20,2024,Q4,November,False
1787,2024-11-21,2024,Q4,November,False
1788,2024-11-22,2024,Q4,November,False
1789,2024-11-23,2024,Q4,November,True
1790,2024-11-24,2024,Q4,November,True
1791,2024-11-25,2024,Q4,November,False
1792,2024-11-26,2024,Q4,November,False
1793,2024-11-27,2024,Q4,November,False
1794,2024-11-28,2024,Q4,November,False
1795,2024-11-29,2024,Q4,November,False
1796,2024-11-30,2024,Q4,November,True
1797,2024-12-01,2024,Q4,December,True
1798,2024-12-02,2024,Q4,December,False
1799,2024-12-03,2024,Q4,December,False
1800,2024-12-04,2024,Q4,December,False
1801,2024-12-05,2024,Q4,December,False
1802,2024-12-06,2024,Q4,December,False
1803,2024-12-07,2024,Q4,December,True
1804,2024-12-08,2024,Q4,December,True
1805,2024-12-09,2024,Q4,December,False
1806,2024-12-10,2024,Q4,December,False
1807,2024-12-11,2024,Q4,December,False
1808,2024-12-12,2024,Q4,December,False
1809,2024-12-13,2024,Q4,December,False
1810,2024-12-14,2024,Q4,December,True
1811,2024-12-15,2024,Q4,December,True
1812,2024-12-16,2024,Q4,December,False
1813,2024-12-17,2024,Q4,December,False
1814,2024-12-18,2024,Q4,December,False
1815,2024-12-19,2024,Q4,December,False
1816,2024-12-20,2024,Q4,December,False
1817,2024-12-21,2024,Q4,December,True
1818,2024-12-22,2024,Q4,December,True
1819,2024-12-23,2024,Q4,December,False
1820,2024-12-24,2024,Q4,December,False
1821,2024-12-25,2024,Q4,December,False
1822,2024-12-26,2024,Q4,December,False
1823,2024-12-27,2024,Q4,December,False
1824,2024-12-28,2024,Q4,December,True
1825,2024-12-29,2024,Q4,December,True
1826,2024-12-30,2024,Q4,December,False
1827,2024-12-31,2024,Q4,December,False
